{
  "appKey": "",
  "appSecret": "",
  "encryptJs": true,
  "excludeScenes": [],
  "includeAnySDK": false,
  "includeSDKBox": false,
  "inlineSpriteFrames": true,
  "inlineSpriteFrames_native": true,
  "jailbreakPlatform": false,
  "md5Cache": false,
  "mergeStartScene": false,
  "oauthLoginServer": "",
  "optimizeHotUpdate": false,
  "orientation": {
    "landscapeLeft": true,
    "landscapeRight": true,
    "portrait": false,
    "upsideDown": false
  },
  "packageName": "org.cocos2d.tutorialhotupdate",
  "privateKey": "",
  "renderMode": "0",
  "startScene": "8a546935-70d4-42d2-a051-8d0e76f28008",
  "title": "tutorialhotupdate",
  "webOrientation": "auto",
  "xxteaKey": "e8579297-5167-40"
}